Study,Sample ID,Chromosome,Start Pos,End Pos,Ref,Var,HGVSg
Skin,TCGA-EE-A2GO-06,13,32945213,32945213,C,T,13:g.32945213C>T
Skin,TCGA-EE-A3AC-06,13,32893462,32893462,G,T,13:g.32893462G>T
Skin,TCGA-EE-A2MS-06,13,32913554,32913554,G,T,13:g.32913554G>T
Skin,TCGA-ER-A194-01,13,32954009,32954009,C,T,13:g.32954009C>T
Skin,TCGA-D3-A2JB-06,13,32915333,32915333,G,T,13:g.32915333G>T
Skin,TCGA-D3-A2JL-06,13,32932066,32932066,G,T,13:g.32932066G>T
Skin,TCGA-ER-A196-01,13,32920963,32920963,G,T,13:g.32920963G>T
Skin,TCGA-YD-A9TA-06,13,32913176,32913176,C,T,13:g.32913176C>T
Skin,TCGA-FW-A3R5-06,13,32907432,32907432,C,T,13:g.32907432C>T
Skin,TCGA-BF-A5EO-01,13,32937423,32937423,C,T,13:g.32937423C>T
Skin,TCGA-DA-A1I4-06,13,32950923,32950923,C,T,13:g.32950923C>T
Skin,TCGA-EE-A2ML-06,13,32914811,32914811,C,T,13:g.32914811C>T
Skin,TCGA-EE-A2MP-06,13,32906615,32906615,C,T,13:g.32906615C>T
Skin,TCGA-GF-A6C9-06,13,32906615,32906615,C,T,13:g.32906615C>T
Skin,TCGA-EE-A3JI-06,13,32913867,32913867,C,T,13:g.32913867C>T
Skin,TCGA-DA-A1HV-06,13,32912617,32912617,G,T,13:g.32912617G>T
Skin,TCGA-EE-A2GC-06,13,32930715,32930715,G,A,13:g.32930715G>A
Skin,TCGA-EE-A2GC-06,13,32930714,32930714,G,A,13:g.32930714G>A
Skin,TCGA-OD-A75X-06,13,32912282,32912282,A,G,13:g.32912282A>G
Skin,TCGA-EE-A17Y-06,13,32913284,32913284,C,T,13:g.32913284C>T
Skin,TCGA-D3-A2JP-06,13,32893249,32893249,C,T,13:g.32893249C>T
Skin,TCGA-EE-A29B-06,13,32907431,32907431,C,T,13:g.32907431C>T
Skin,TCGA-EE-A3J7-06,13,32972844,32972844,G,T,13:g.32972844G>T
Skin,TCGA-EE-A29D-06,13,32972405,32972405,C,T,13:g.32972405C>T
Skin,TCGA-ER-A19F-06,13,32903615,32903615,C,T,13:g.32903615C>T
Skin,TCGA-EE-A2MK-06,13,32907491,32907491,G,A,13:g.32907491G>A
Skin,TCGA-FW-A3R5-06,13,32972621,32972621,C,T,13:g.32972621C>T
Skin,TCGA-FW-A3R5-06,13,32913746,32913746,C,T,13:g.32913746C>T
Skin,TCGA-D3-A51E-06,13,32906562,32906562,G,A,13:g.32906562G>A
Skin,TCGA-EE-A29C-06,13,32918773,32918773,C,T,13:g.32918773C>T
Skin,TCGA-EE-A29C-06,13,32907279,32907279,C,T,13:g.32907279C>T
Skin,TCGA-ER-A193-06,13,32937450,32937450,C,T,13:g.32937450C>T
Skin,TCGA-BF-A1PV-01,13,32914692,32914692,C,T,13:g.32914692C>T
Skin,TCGA-EB-A6R0-01,13,32910710,32910710,C,T,13:g.32910710C>T
Skin,TCGA-DA-A95Z-06,13,32906738,32906738,C,T,13:g.32906738C>T
Skin,TCGA-W3-A825-06,13,32914118,32914118,G,A,13:g.32914118G>A
Skin,TCGA-BF-A1Q0-01,13,32912012,32912012,G,T,13:g.32912012G>T
Skin,TCGA-D3-A2J6-06,13,32972609,32972609,C,A,13:g.32972609C>A
Skin,TCGA-D3-A2JB-06,13,32931966,32931966,G,T,13:g.32931966G>T
Skin,TCGA-D3-A2JC-06,13,32893283,32893283,C,A,13:g.32893283C>A
Skin,TCGA-D3-A8GI-06,13,32911752,32911752,C,T,13:g.32911752C>T
Skin,TCGA-D9-A148-06,13,32910957,32910957,G,T,13:g.32910957G>T
Skin,TCGA-DA-A95Z-06,13,32915052,32915052,C,T,13:g.32915052C>T
Skin,TCGA-EE-A2GE-06,13,32969025,32969025,G,T,13:g.32969025G>T
Skin,TCGA-EE-A2GN-06,13,32950915,32950915,C,A,13:g.32950915C>A
Skin,TCGA-EE-A2M7-06,13,32954049,32954049,C,A,13:g.32954049C>A
Skin,TCGA-EE-A2MD-06,13,32950914,32950914,C,A,13:g.32950914C>A
Skin,TCGA-EE-A3AB-06,13,32929274,32929274,G,T,13:g.32929274G>T
Skin,TCGA-EE-A3AD-06,13,32911122,32911122,C,A,13:g.32911122C>A
Skin,TCGA-EE-A3AD-06,13,32968886,32968886,G,T,13:g.32968886G>T
Skin,TCGA-ER-A195-06,13,32914249,32914249,G,T,13:g.32914249G>T
Skin,TCGA-ER-A19T-01,13,32912978,32912978,C,A,13:g.32912978C>A
Skin,TCGA-ER-A1A1-06,13,32914026,32914026,G,T,13:g.32914026G>T
Skin,TCGA-FR-A7U9-06,13,32907093,32907093,C,T,13:g.32907093C>T
Skin,TCGA-FS-A1ZG-06,13,32914183,32914183,G,T,13:g.32914183G>T
Skin,TCGA-GN-A26D-06,13,32907112,32907112,G,T,13:g.32907112G>T
Skin,TCGA-QB-AA9O-06,13,32913133,32913133,T,G,13:g.32913133T>G
Skin,TCGA-YD-A89C-06,13,32911768,32911768,T,A,13:g.32911768T>A
Skin,TCGA-EE-A2GO-06,13,32945213,32945213,C,T,13:g.32945213C>T
Skin,TCGA-ER-A194-01,13,32954009,32954009,C,T,13:g.32954009C>T
Skin,TCGA-FW-A3R5-06,13,32907432,32907432,C,T,13:g.32907432C>T
Skin,TCGA-BF-A5EO-01,13,32937423,32937423,C,T,13:g.32937423C>T
Skin,TCGA-DA-A1I4-06,13,32950923,32950923,C,T,13:g.32950923C>T
Skin,TCGA-EE-A2ML-06,13,32914811,32914811,C,T,13:g.32914811C>T
Skin,TCGA-EE-A2MP-06,13,32906615,32906615,C,T,13:g.32906615C>T
Skin,TCGA-GF-A6C9-06,13,32906615,32906615,C,T,13:g.32906615C>T
Skin,TCGA-EE-A3JI-06,13,32913867,32913867,C,T,13:g.32913867C>T
Skin,TCGA-EE-A2GC-06,13,32930715,32930715,G,A,13:g.32930715G>A
Skin,TCGA-EE-A2GC-06,13,32930714,32930714,G,A,13:g.32930714G>A
Skin,TCGA-OD-A75X-06,13,32912282,32912282,A,G,13:g.32912282A>G
Skin,TCGA-EE-A17Y-06,13,32913284,32913284,C,T,13:g.32913284C>T
Skin,TCGA-D3-A2JP-06,13,32893249,32893249,C,T,13:g.32893249C>T
Skin,TCGA-EE-A29B-06,13,32907431,32907431,C,T,13:g.32907431C>T
Skin,TCGA-EE-A3J7-06,13,32972844,32972844,G,T,13:g.32972844G>T
Skin,TCGA-EE-A29D-06,13,32972405,32972405,C,T,13:g.32972405C>T
Skin,TCGA-ER-A19F-06,13,32903615,32903615,C,T,13:g.32903615C>T
Skin,TCGA-EE-A2MK-06,13,32907491,32907491,G,A,13:g.32907491G>A
Skin,TCGA-FW-A3R5-06,13,32972621,32972621,C,T,13:g.32972621C>T
Skin,TCGA-FW-A3R5-06,13,32913746,32913746,C,T,13:g.32913746C>T
Skin,TCGA-D3-A51E-06,13,32906562,32906562,G,A,13:g.32906562G>A
Skin,TCGA-EE-A29C-06,13,32918773,32918773,C,T,13:g.32918773C>T
Skin,TCGA-EE-A29C-06,13,32907279,32907279,C,T,13:g.32907279C>T
Skin,TCGA-ER-A193-06,13,32937450,32937450,C,T,13:g.32937450C>T
Skin,TCGA-BF-A1PV-01,13,32914692,32914692,C,T,13:g.32914692C>T
Skin,TCGA-EB-A6R0-01,13,32910710,32910710,C,T,13:g.32910710C>T
Skin,TCGA-FR-A726-01,13,32944687,32944687,C,T,13:g.32944687C>T
Skin,TCGA-ER-A19P-06,13,32914451,32914451,C,G,13:g.32914451C>G
Breast,P-0003195-T01-IM5,13,32911686,32911686,T,-,13:g.32911686del
Breast,P-0003195-T02-IM6,13,32911686,32911686,T,-,13:g.32911686del
Breast,P-0004824-T01-IM5,13,32914647,32914647,C,A,13:g.32914647C>A
Breast,P-0006335-T01-IM5,13,32937315,32937315,G,A,13:g.32937315G>A
Breast,P-0000584-T01-IM3,13,32914438,32914438,T,-,13:g.32914438del
Breast,P-0001308-T01-IM3,13,32914438,32914438,T,-,13:g.32914438del
Breast,P-0006568-T01-IM5,13,32914091,32914094,ACAG,-,13:g.32914091_32914094del
Breast,P-0017930-T01-IM6,13,32953937,32953937,G,A,13:g.32953937G>A
Breast,P-0008215-T01-IM5,13,32906916,32906919,AAAG,-,13:g.32906916_32906919del
Breast,P-0000216-T02-IM3,13,32911530,32911530,C,G,13:g.32911530C>G
Breast,P-0000216-T01-IM3,13,32911530,32911530,C,G,13:g.32911530C>G
Breast,P-0002682-T01-IM3,13,32913233,32913233,G,T,13:g.32913233G>T
Breast,P-0003603-T01-IM5,13,32910937,32910937,G,-,13:g.32910937del
Breast,P-0005900-T01-IM5,13,32893363,32893363,C,T,13:g.32893363C>T
Breast,P-0007040-T01-IM5,13,32907159,32907159,C,-,13:g.32907159del
Breast,P-0008049-T01-IM5,13,32936831,32936831,G,A,13:g.32936831G>A
Breast,P-0008901-T01-IM5,13,32914395,32914395,C,G,13:g.32914395C>G
Breast,P-0010464-T01-IM5,13,32906837,32906837,A,GCCAGG,13:g.32906837delinsGCCAGG
Breast,P-0000438-T01-IM3,13,32913381,32913381,C,G,13:g.32913381C>G
Breast,P-0000597-T01-IM3,13,32912962,32912965,ACTG,-,13:g.32912962_32912965del
Breast,P-0001308-T01-IM3,13,32968853,32968853,A,G,13:g.32968853A>G
Breast,P-0007685-T01-IM5,13,32911001,32911004,GAAA,CAAT,13:g.32911001_32911004delinsCAAT
Breast,P-0005205-T02-IM6,13,32953632,32953632,C,A,13:g.32953632C>A
Breast,P-0016773-T01-IM6,13,32890607,32890607,G,T,13:g.32890607G>T
Breast,P-0016773-T01-IM6,13,32914347,32914347,T,A,13:g.32914347T>A
Breast,P-0016773-T01-IM6,13,32971182,32971182,G,A,13:g.32971182G>A
Breast,P-0013154-T01-IM5,13,32914311,32914682,AGAAAGTTTCTAAAATATCACCTTGTGATGTTAGTTTGGAAACTTCAGATATATGTAAATGTAGTATAGGGAAGCTTCATAAGTCAGTCTCATCTGCAAATACTTGTGGGATTTTTAGCACAGCAAGTGGAAAATCTGTCCAGGTATCAGATGCTTCATTACAAAACGCAAGACAAGTGTTTTCTGAAATAGAAGATAGTACCAAGCAAGTCTTTTCCAAAGTATTGTTTAAAAGTAACGAACATTCAGACCAGCTCACAAGAGAAGAAAATACTGCTATACGTACTCCAGAACATTTAATATCCCAAAAAGGCTTTTCATATAATGTGGTAAATTCATCTGCTTTCTCTGGATTTAGTACAGCAAGTGGAA,-,13:g.32914311_32914682del
Breast,P-0015151-T01-IM6,13,32913895,32914593,ACAAACTGTAAATGAAGATATTTGCGTTGAGGAACTTGTGACTAGCTCTTCACCCTGCAAAAATAAAAATGCAGCCATTAAATTGTCCATATCTAATAGTAATAATTTTGAGGTAGGGCCACCTGCATTTAGGATAGCCAGTGGTAAAATCGTTTGTGTTTCACATGAAACAATTAAAAAAGTGAAAGACATATTTACAGACAGTTTCAGTAAAGTAATTAAGGAAAACAACGAGAATAAATCAAAAATTTGCCAAACGAAAATTATGGCAGGTTGTTACGAGGCATTGGATGATTCAGAGGATATTCTTCATAACTCTCTAGATAATGATGAATGTAGCACGCATTCACATAAGGTTTTTGCTGACATTCAGAGTGAAGAAATTTTACAACATAACCAAAATATGTCTGGATTGGAGAAAGTTTCTAAAATATCACCTTGTGATGTTAGTTTGGAAACTTCAGATATATGTAAATGTAGTATAGGGAAGCTTCATAAGTCAGTCTCATCTGCAAATACTTGTGGGATTTTTAGCACAGCAAGTGGAAAATCTGTCCAGGTATCAGATGCTTCATTACAAAACGCAAGACAAGTGTTTTCTGAAATAGAAGATAGTACCAAGCAAGTCTTTTCCAAAGTATTGTTTAAAAGTAACGAACATTCAGACCAGCTCACAAGAGAAGAAAATACTGCTATACG,-,13:g.32913895_32914593del
Breast,P-0015828-T01-IM6,13,32931931,32931934,CAGA,TCTGCATTTTTAACAGCAAAAAT,13:g.32931931_32931934delinsTCTGCATTTTTAACAGCAAAAAT
Breast,P-0007559-T01-IM5,13,32936802,32936802,G,C,13:g.32936802G>C
Breast,P-0005712-T01-IM5,13,32972801,32972801,G,A,13:g.32972801G>A
Breast,P-0000196-T01-IM3,13,32903618,32903618,G,A,13:g.32903618G>A
Breast,P-0017372-T01-IM6,13,32914592,32914592,C,T,13:g.32914592C>T
Breast,P-0015001-T01-IM6,13,32906448,32906448,G,A,13:g.32906448G>A
Breast,P-0004562-T01-IM5,13,32907453,32907453,T,G,13:g.32907453T>G
Breast,P-0008213-T01-IM3,13,32912298,32912298,T,A,13:g.32912298T>A
Breast,P-0008213-T02-IM5,13,32912298,32912298,T,A,13:g.32912298T>A
Breast,P-0000167-T02-IM3,13,32972634,32972634,C,G,13:g.32972634C>G
Breast,P-0000275-T01-IM3,13,32971123,32971123,A,G,13:g.32971123A>G
Breast,P-0000542-T01-IM3,13,32910866,32910866,T,C,13:g.32910866T>C
Breast,P-0004909-T02-IM5,13,32911628,32911628,G,C,13:g.32911628G>C
Breast,P-0002713-T01-IM3,13,32929131,32929131,C,T,13:g.32929131C>T
Breast,P-0002713-T01-IM3,13,32972596,32972596,G,C,13:g.32972596G>C
Breast,P-0003557-T01-IM5,13,32914305,32914305,G,T,13:g.32914305G>T
Breast,P-0003603-T01-IM5,13,32944600,32944600,C,G,13:g.32944600C>G
Breast,P-0003819-T01-IM5,13,32972848,32972848,A,T,13:g.32972848A>T
Breast,P-0004090-T01-IM5,13,32972840,32972840,C,T,13:g.32972840C>T
Breast,P-0004295-T01-IM5,13,32910675,32910675,A,T,13:g.32910675A>T
Breast,P-0004346-T01-IM5,13,32906883,32906883,T,A,13:g.32906883T>A
Breast,P-0004477-T01-IM5,13,32899248,32899248,C,T,13:g.32899248C>T
Breast,P-0004665-T01-IM5,13,32937543,32937543,C,T,13:g.32937543C>T
Breast,P-0004580-T01-IM5,13,32972816,32972816,C,T,13:g.32972816C>T
Breast,P-0005205-T01-IM5,13,32953587,32953587,C,T,13:g.32953587C>T
Breast,P-0005205-T02-IM6,13,32953587,32953587,C,T,13:g.32953587C>T
Breast,P-0006335-T01-IM5,13,32913942,32913942,C,G,13:g.32913942C>G
Breast,P-0015569-T01-IM6,13,32914004,32914004,G,C,13:g.32914004G>C
Breast,P-0007497-T01-IM5,13,32913468,32913468,C,G,13:g.32913468C>G
Breast,P-0007497-T01-IM5,13,32915261,32915261,C,T,13:g.32915261C>T
Breast,P-0007685-T01-IM5,13,32912918,32912918,G,C,13:g.32912918G>C
Breast,P-0008082-T01-IM5,13,32954172,32954172,A,G,13:g.32954172A>G
Breast,P-0008694-T01-IM5,13,32907476,32907476,G,A,13:g.32907476G>A
Breast,P-0009931-T01-IM5,13,32912570,32912570,G,A,13:g.32912570G>A
Breast,P-0012134-T01-IM5,13,32910986,32910986,G,C,13:g.32910986G>C
Breast,P-0000597-T01-IM3,13,32915295,32915295,G,A,13:g.32915295G>A
Breast,P-0016816-T01-IM6,13,32954019,32954019,C,T,13:g.32954019C>T
Breast,P-0016816-T02-IM6,13,32954019,32954019,C,T,13:g.32954019C>T
Breast,P-0015734-T01-IM6,13,32912363,32912374,CAACTGATATTA,-,13:g.32912363_32912374del
Breast,P-0013105-T01-IM5,13,32914820,32914820,G,A,13:g.32914820G>A
Breast,P-0016773-T01-IM6,13,32906773,32906773,A,T,13:g.32906773A>T
Breast,P-0016773-T01-IM6,13,32911439,32911439,C,A,13:g.32911439C>A
Breast,P-0016773-T01-IM6,13,32911646,32911646,G,A,13:g.32911646G>A
Breast,P-0016773-T01-IM6,13,32929183,32929183,C,A,13:g.32929183C>A
Breast,P-0016773-T01-IM6,13,32945215,32945215,G,T,13:g.32945215G>T
Breast,P-0016878-T01-IM6,13,32900715,32900715,C,G,13:g.32900715C>G
Breast,P-0016906-T01-IM6,13,32953529,32953529,A,T,13:g.32953529A>T
Breast,P-0016730-T01-IM6,13,32929262,32929262,G,T,13:g.32929262G>T
Breast,P-0015066-T01-IM6,13,32914236,32914236,C,T,13:g.32914236C>T
Breast,P-0014509-T01-IM6,13,32914871,32914871,A,T,13:g.32914871A>T
Brain,TCGA-HT-7681-01,13,32911765,32911765,A,C,13:g.32911765A>C
Brain,TCGA-S9-A6TZ-01,13,32912670,32912670,C,T,13:g.32912670C>T
Brain,TCGA-E1-A7YK-01,13,32913927,32913927,A,G,13:g.32913927A>G
Brain,TCGA-HT-A74K-01,13,32907209,32907209,G,A,13:g.32907209G>A
Brain,TCGA-S9-A7IX-01,13,32914649,32914649,T,C,13:g.32914649T>C
Brain,TCGA-HT-A61A-01,13,32907165,32907165,A,G,13:g.32907165A>G
Brain,TCGA-DU-6392-01,13,32906451,32906451,G,A,13:g.32906451G>A
Brain,TCGA-DU-6392-01,13,32912286,32912286,G,A,13:g.32912286G>A
Brain,TCGA-DU-6392-01,13,32912948,32912948,G,A,13:g.32912948G>A
Lung,TCGA-44-3919-01,13,32972777,32972777,C,G,13:g.32972777C>G
Lung,TCGA-75-6211-01,13,32937423,32937423,C,A,13:g.32937423C>A
Lung,TCGA-62-A46O-01,13,32953976,32953976,A,T,13:g.32953976A>T
Lung,TCGA-97-8172-01,13,32911850,32911850,G,T,13:g.32911850G>T
Lung,TCGA-17-Z023-01,13,32907305,32907314,CCAGCCACCA,-,13:g.32907305_32907314del
Lung,TCGA-38-4631-01,13,32937491,32937491,A,G,13:g.32937491A>G
Lung,TCGA-44-7670-01,13,32936676,32936676,C,T,13:g.32936676C>T
Lung,TCGA-55-7907-01,13,32972857,32972857,G,C,13:g.32972857G>C
Lung,TCGA-73-4662-01,13,32907276,32907276,G,T,13:g.32907276G>T
Lung,TCGA-78-7539-01,13,32968918,32968918,C,A,13:g.32968918C>A
Lung,TCGA-91-7771-01,13,32914937,32914937,A,G,13:g.32914937A>G
Lung,TCGA-97-7554-01,13,32907344,32907344,G,T,13:g.32907344G>T
Lung,TCGA-05-4382-01,13,32913803,32913803,G,T,13:g.32913803G>T
Lung,TCGA-05-4397-01,13,32914679,32914679,G,A,13:g.32914679G>A
Lung,TCGA-44-7660-01,13,32915220,32915220,C,G,13:g.32915220C>G
Lung,TCGA-49-AARE-01,13,32937356,32937356,A,G,13:g.32937356A>G
Lung,TCGA-50-5946-01,13,32910782,32910782,G,A,13:g.32910782G>A
Lung,TCGA-50-8460-01,13,32911425,32911425,A,G,13:g.32911425A>G
Lung,TCGA-55-A48Y-01,13,32929161,32929161,G,A,13:g.32929161G>A
Lung,TCGA-55-A4DF-01,13,32906483,32906483,G,A,13:g.32906483G>A
Lung,TCGA-62-A46S-01,13,32893277,32893277,C,G,13:g.32893277C>G
Lung,TCGA-62-A46S-01,13,32913546,32913546,C,T,13:g.32913546C>T
Lung,TCGA-78-8662-01,13,32912408,32912408,G,T,13:g.32912408G>T
Lung,TCGA-86-A4JF-01,13,32915277,32915277,T,C,13:g.32915277T>C
Lung,TCGA-86-A4JF-01,13,32954225,32954225,C,T,13:g.32954225C>T
Lung,TCGA-91-6848-01,13,32930636,32930636,G,T,13:g.32930636G>T
Lung,TCGA-99-8032-01,13,32913113,32913113,A,G,13:g.32913113A>G
Lung,TCGA-MP-A4T8-01,13,32913737,32913737,T,C,13:g.32913737T>C
Lung,TCGA-MP-A4TH-01,13,32910990,32910990,T,G,13:g.32910990T>G
Lung,TCGA-05-4427-01,13,32944679,32944679,A,T,13:g.32944679A>T
Lung,TCGA-17-Z022-01,13,32914805,32914805,A,T,13:g.32914805A>T
Lung,TCGA-17-Z023-01,13,32914374,32914374,G,C,13:g.32914374G>C
Lung,TCGA-17-Z025-01,13,32912687,32912687,T,C,13:g.32912687T>C
Lung,TCGA-17-Z057-01,13,32913437,32913437,A,G,13:g.32913437A>G
Lung,TCGA-55-A4DF-01,13,32972372,32972372,C,G,13:g.32972372C>G
Breast,TCGA-A2-A0SU-01,13,32972574,32972574,C,G,13:g.32972574C>G
Breast,TCGA-A2-A0T0-01,13,32953476,32953476,T,G,13:g.32953476T>G
Breast,TCGA-A8-A085-01,13,32905149,32905150,AG,-,13:g.32905149_32905150del
Breast,TCGA-A8-A08L-01,13,32932067,32932067,G,A,13:g.32932067G>A
Breast,TCGA-AR-A1AI-01,13,32921032,32921032,C,T,13:g.32921032C>T
Breast,TCGA-E2-A14W-01,13,32907409,32907413,ATCTT,-,13:g.32907409_32907413del
Breast,TCGA-D8-A1JP-01,13,32914385,32914385,C,-,13:g.32914385del
Breast,TCGA-E9-A1R2-01,13,32914938,32914938,T,-,13:g.32914938del
Breast,TCGA-D8-A1XL-01,13,32913428,32913428,G,-,13:g.32913428del
Breast,TCGA-E9-A3HO-01,13,32906916,32906919,AAAG,-,13:g.32906916_32906919del
Breast,TCGA-D8-A27V-01,13,32911298,32911298,A,-,13:g.32911298del
Breast,TCGA-A8-A07I-01,13,32912555,32912555,G,T,13:g.32912555G>T
Breast,TCGA-A8-A08B-01,13,32912296,32912298,TGT,-,13:g.32912296_32912298del
Breast,TCGA-AN-A0AT-01,13,32936802,32936802,G,C,13:g.32936802G>C
Breast,TCGA-C8-A12T-01,13,32971062,32971062,G,C,13:g.32971062G>C
Breast,TCGA-D8-A27G-01,13,32915015,32915015,G,C,13:g.32915015G>C
Breast,TCGA-AN-A046-01,13,32972674,32972674,G,A,13:g.32972674G>A
Breast,TCGA-AC-A23H-01,13,32910551,32910551,G,C,13:g.32910551G>C
Breast,TCGA-AC-A23H-01,13,32911589,32911589,G,C,13:g.32911589G>C
Breast,TCGA-EW-A1PE-01,13,32911964,32911964,G,C,13:g.32911964G>C
Breast,TCGA-EW-A1PE-01,13,32912065,32912065,G,C,13:g.32912065G>C
Breast,TCGA-AO-A124-01,13,32972561,32972561,G,C,13:g.32972561G>C
Breast,TCGA-BH-A0HF-01,13,32911128,32911128,C,T,13:g.32911128C>T
Breast,TCGA-A2-A04P-01,13,32971149,32971149,C,G,13:g.32971149C>G
Breast,TCGA-A8-A0A7-01,13,32971056,32971056,G,A,13:g.32971056G>A
Breast,TCGA-AN-A046-01,13,32911446,32911446,A,T,13:g.32911446A>T
Breast,TCGA-AN-A0XW-01,13,32907194,32907194,C,A,13:g.32907194C>A
Breast,TCGA-C8-A278-01,13,32914549,32914549,C,G,13:g.32914549C>G
Breast,TCGA-E9-A54Y-01,13,32937567,32937567,G,A,13:g.32937567G>A
Breast,TCGA-LD-A74U-01,13,32969068,32969068,G,C,13:g.32969068G>C
Breast,TCGA-LL-A73Y-01,13,32907401,32907401,G,A,13:g.32907401G>A
Breast,TCGA-S3-AA17-01,13,32968838,32968864,TCGTCTATTTGTCAGACGAATGTTACA,-,13:g.32968838_32968864del
Skin,MEL-JWCI-14,13,32931942,32931942,C,T,13:g.32931942C>T
Skin,MEL-13600,13,32911565,32911565,A,T,13:g.32911565A>T
Skin,MEL-UKRV-Mel-24,13,32953941,32953941,G,A,13:g.32953941G>A
Skin,ME009,13,32907020,32907020,G,A,13:g.32907020G>A
Skin,ME009,13,32914300,32914300,G,A,13:g.32914300G>A
Skin,ME012,13,32913741,32913741,C,T,13:g.32913741C>T
Skin,ME024,13,32915292,32915292,C,T,13:g.32915292C>T
Skin,ME049,13,32915088,32915088,C,G,13:g.32915088C>G
Skin,ME050,13,32930724,32930724,C,T,13:g.32930724C>T
Skin,MEL-13567,13,32910809,32910809,C,T,13:g.32910809C>T
Skin,MEL-JWCI-WGS-12,13,32930648,32930648,C,T,13:g.32930648C>T
Skin,MEL-JWCI-WGS-12,13,32931952,32931952,C,T,13:g.32931952C>T
Skin,MEL-JWCI-WGS-39,13,32912852,32912852,C,T,13:g.32912852C>T
Skin,MEL-JWCI-WGS-3,13,32890634,32890634,G,A,13:g.32890634G>A
Skin,MEL-Ma-Mel-114,13,32944644,32944645,GG,AA,13:g.32944644_32944645delinsAA
Skin,MEL-Ma-Mel-62,13,32914706,32914706,T,A,13:g.32914706T>A
Skin,TCGA-EE-A2GO-06,13,32945213,32945213,C,T,13:g.32945213C>T
Skin,TCGA-ER-A194-01,13,32954009,32954009,C,T,13:g.32954009C>T
Skin,TCGA-FW-A3R5-06,13,32907432,32907432,C,T,13:g.32907432C>T
Skin,TCGA-BF-A5EO-01,13,32937423,32937423,C,T,13:g.32937423C>T
Skin,TCGA-DA-A1I4-06,13,32950923,32950923,C,T,13:g.32950923C>T
Skin,TCGA-EE-A2ML-06,13,32914811,32914811,C,T,13:g.32914811C>T
Skin,TCGA-EE-A2MP-06,13,32906615,32906615,C,T,13:g.32906615C>T
Skin,TCGA-GF-A6C9-06,13,32906615,32906615,C,T,13:g.32906615C>T
Skin,TCGA-EE-A3JI-06,13,32913867,32913867,C,T,13:g.32913867C>T
Skin,TCGA-EE-A2GC-06,13,32930715,32930715,G,A,13:g.32930715G>A
Skin,TCGA-EE-A2GC-06,13,32930714,32930714,G,A,13:g.32930714G>A
Skin,TCGA-OD-A75X-06,13,32912282,32912282,A,G,13:g.32912282A>G
Skin,TCGA-EE-A17Y-06,13,32913284,32913284,C,T,13:g.32913284C>T
Skin,TCGA-D3-A2JP-06,13,32893249,32893249,C,T,13:g.32893249C>T
Skin,TCGA-EE-A29B-06,13,32907431,32907431,C,T,13:g.32907431C>T
Skin,TCGA-EE-A3J7-06,13,32972844,32972844,G,T,13:g.32972844G>T
Skin,TCGA-EE-A29D-06,13,32972405,32972405,C,T,13:g.32972405C>T
Skin,TCGA-ER-A19F-06,13,32903615,32903615,C,T,13:g.32903615C>T
Skin,TCGA-EE-A2MK-06,13,32907491,32907491,G,A,13:g.32907491G>A
Skin,TCGA-FW-A3R5-06,13,32972621,32972621,C,T,13:g.32972621C>T
Skin,TCGA-FW-A3R5-06,13,32913746,32913746,C,T,13:g.32913746C>T
Skin,TCGA-D3-A51E-06,13,32906562,32906562,G,A,13:g.32906562G>A
Skin,TCGA-EE-A29C-06,13,32918773,32918773,C,T,13:g.32918773C>T
Skin,TCGA-EE-A29C-06,13,32907279,32907279,C,T,13:g.32907279C>T
Skin,TCGA-ER-A193-06,13,32937450,32937450,C,T,13:g.32937450C>T
Skin,TCGA-BF-A1PV-01,13,32914692,32914692,C,T,13:g.32914692C>T
Skin,TCGA-EB-A6R0-01,13,32910710,32910710,C,T,13:g.32910710C>T
Skin,TCGA-FR-A726-01,13,32944687,32944687,C,T,13:g.32944687C>T
Skin,TCGA-ER-A19P-06,13,32914451,32914451,C,G,13:g.32914451C>G
Lung,TCGA-75-6211-01,13,32937423,32937423,C,A,13:g.32937423C>A
Lung,TCGA-18-4086-01,13,32937315,32937315,G,A,13:g.32937315G>A
Lung,TCGA-22-4595-01,13,32907110,32907110,C,T,13:g.32907110C>T
Lung,TCGA-21-5782-01,13,32930628,32930628,G,-,13:g.32930628del
Lung,TCGA-33-A5GW-01,13,32911788,32911788,C,G,13:g.32911788C>G
Lung,TCGA-58-A46L-01,13,32912655,32912656,-,T,13:g.32912655_32912656insT
Lung,TCGA-62-A46O-01,13,32953976,32953976,A,T,13:g.32953976A>T
Lung,TCGA-77-7337-01,13,32900288,32900288,G,T,13:g.32900288G>T
Lung,TCGA-97-8172-01,13,32911850,32911850,G,T,13:g.32911850G>T
Lung,TCGA-85-7697-01,13,32915015,32915015,G,C,13:g.32915015G>C
Lung,LUAD-RT-S01777-Tumor,13,32911113,32911113,C,T,13:g.32911113C>T
Lung,LUAD-TLLGS-Tumor,13,32912765,32912765,G,C,13:g.32912765G>C
Lung,LUAD-YINHD-Tumor,13,32910713,32910713,G,T,13:g.32910713G>T
Lung,TCGA-38-4631-01,13,32937491,32937491,A,G,13:g.32937491A>G
Lung,TCGA-44-7670-01,13,32936676,32936676,C,T,13:g.32936676C>T
Lung,TCGA-49-4486-01,13,32913027,32913027,G,A,13:g.32913027G>A
Lung,TCGA-73-4662-01,13,32907276,32907276,G,T,13:g.32907276G>T
Lung,TCGA-78-7539-01,13,32968918,32968918,C,A,13:g.32968918C>A
Lung,TCGA-91-7771-01,13,32914937,32914937,A,G,13:g.32914937A>G
Lung,TCGA-97-7554-01,13,32907344,32907344,G,T,13:g.32907344G>T
Lung,TCGA-18-3409-01,13,32915094,32915094,C,T,13:g.32915094C>T
Lung,TCGA-21-1078-01,13,32944665,32944665,G,A,13:g.32944665G>A
Lung,TCGA-21-5787-01,13,32914784,32914784,T,A,13:g.32914784T>A
Lung,TCGA-33-4583-01,13,32920973,32920973,A,G,13:g.32920973A>G
Lung,TCGA-33-4583-01,13,32944672,32944672,T,C,13:g.32944672T>C
Lung,TCGA-34-5231-01,13,32911598,32911598,G,A,13:g.32911598G>A
Lung,TCGA-66-2767-01,13,32914593,32914593,G,A,13:g.32914593G>A
Lung,TCGA-85-A4JC-01,13,32914593,32914593,G,A,13:g.32914593G>A
Lung,TCGA-66-2787-01,13,32911471,32911471,G,C,13:g.32911471G>C
Lung,TCGA-05-4382-01,13,32913803,32913803,G,T,13:g.32913803G>T
Lung,TCGA-05-4397-01,13,32914679,32914679,G,A,13:g.32914679G>A
Lung,TCGA-39-5034-01,13,32903583,32903583,G,T,13:g.32903583G>T
Lung,TCGA-43-2576-01,13,32912314,32912314,G,T,13:g.32912314G>T
Lung,TCGA-43-A475-01,13,32911890,32911890,C,T,13:g.32911890C>T
Lung,TCGA-44-7660-01,13,32915220,32915220,C,G,13:g.32915220C>G
Lung,TCGA-49-AAR3-01,13,32937356,32937356,A,G,13:g.32937356A>G
Lung,TCGA-49-AARE-01,13,32937356,32937356,A,G,13:g.32937356A>G
Lung,TCGA-50-5946-01,13,32910782,32910782,G,A,13:g.32910782G>A
Lung,TCGA-50-8460-01,13,32911425,32911425,A,G,13:g.32911425A>G
Lung,TCGA-55-A48Y-01,13,32929161,32929161,G,A,13:g.32929161G>A
Lung,TCGA-55-A4DF-01,13,32906483,32906483,G,A,13:g.32906483G>A
Lung,TCGA-56-8083-01,13,32900675,32900675,G,T,13:g.32900675G>T
Lung,TCGA-56-8304-01,13,32953614,32953614,T,G,13:g.32953614T>G
Lung,TCGA-62-A46S-01,13,32893277,32893277,C,G,13:g.32893277C>G
Lung,TCGA-62-A46S-01,13,32913546,32913546,C,T,13:g.32913546C>T
Lung,TCGA-77-6843-01,13,32906802,32906802,C,G,13:g.32906802C>G
Lung,TCGA-77-A5GF-01,13,32915195,32915195,A,T,13:g.32915195A>T
Lung,TCGA-78-8662-01,13,32912408,32912408,G,T,13:g.32912408G>T
Lung,TCGA-85-7699-01,13,32913588,32913588,A,G,13:g.32913588A>G
Lung,TCGA-85-8070-01,13,32914795,32914795,T,G,13:g.32914795T>G
Lung,TCGA-86-A4JF-01,13,32915277,32915277,T,C,13:g.32915277T>C
Lung,TCGA-86-A4JF-01,13,32954225,32954225,C,T,13:g.32954225C>T
Lung,TCGA-91-6848-01,13,32930636,32930636,G,T,13:g.32930636G>T
Lung,TCGA-92-8064-01,13,32930636,32930636,G,C,13:g.32930636G>C
Lung,TCGA-96-7544-01,13,32913639,32913639,A,G,13:g.32913639A>G
Lung,TCGA-99-8032-01,13,32913113,32913113,A,G,13:g.32913113A>G
Lung,TCGA-MP-A4T8-01,13,32913737,32913737,T,C,13:g.32913737T>C
Lung,TCGA-MP-A4TH-01,13,32910990,32910990,T,G,13:g.32910990T>G
Lung,TCGA-NC-A5HI-01,13,32912159,32912159,C,T,13:g.32912159C>T
Lung,TCGA-NC-A5HR-01,13,32907105,32907105,C,T,13:g.32907105C>T
Lung,LUAD-B01024-Tumor,13,32899287,32899287,T,A,13:g.32899287T>A
Lung,TCGA-58-8390-01,13,32929185,32929185,A,G,13:g.32929185A>G
Lung,TCGA-96-A4JK-01,13,32912607,32912607,T,A,13:g.32912607T>A
Skin,TCGA-EE-A2GO-06,13,32945213,32945213,C,T,13:g.32945213C>T
Skin,TCGA-ER-A194-01,13,32954009,32954009,C,T,13:g.32954009C>T
Skin,TCGA-FW-A3R5-06,13,32907432,32907432,C,T,13:g.32907432C>T
Skin,TCGA-BF-A5EO-01,13,32937423,32937423,C,T,13:g.32937423C>T
Skin,TCGA-DA-A1I4-06,13,32950923,32950923,C,T,13:g.32950923C>T
Skin,TCGA-EE-A2ML-06,13,32914811,32914811,C,T,13:g.32914811C>T
Skin,TCGA-EE-A2MP-06,13,32906615,32906615,C,T,13:g.32906615C>T
Skin,TCGA-GF-A6C9-06,13,32906615,32906615,C,T,13:g.32906615C>T
Skin,TCGA-EE-A3JI-06,13,32913867,32913867,C,T,13:g.32913867C>T
Skin,TCGA-EE-A2GC-06,13,32930715,32930715,G,A,13:g.32930715G>A
Skin,TCGA-EE-A2GC-06,13,32930714,32930714,G,A,13:g.32930714G>A
Skin,TCGA-OD-A75X-06,13,32912282,32912282,A,G,13:g.32912282A>G
Skin,TCGA-EE-A17Y-06,13,32913284,32913284,C,T,13:g.32913284C>T
Skin,TCGA-D3-A2JP-06,13,32893249,32893249,C,T,13:g.32893249C>T
Skin,TCGA-EE-A29B-06,13,32907431,32907431,C,T,13:g.32907431C>T
Skin,TCGA-EE-A3J7-06,13,32972844,32972844,G,T,13:g.32972844G>T
Skin,TCGA-EE-A29D-06,13,32972405,32972405,C,T,13:g.32972405C>T
Skin,TCGA-ER-A19F-06,13,32903615,32903615,C,T,13:g.32903615C>T
Skin,TCGA-EE-A2MK-06,13,32907491,32907491,G,A,13:g.32907491G>A
Skin,TCGA-FW-A3R5-06,13,32972621,32972621,C,T,13:g.32972621C>T
Skin,TCGA-FW-A3R5-06,13,32913746,32913746,C,T,13:g.32913746C>T
Skin,TCGA-D3-A51E-06,13,32906562,32906562,G,A,13:g.32906562G>A
Skin,TCGA-EE-A29C-06,13,32918773,32918773,C,T,13:g.32918773C>T
Skin,TCGA-EE-A29C-06,13,32907279,32907279,C,T,13:g.32907279C>T
Skin,TCGA-ER-A193-06,13,32937450,32937450,C,T,13:g.32937450C>T
Skin,TCGA-BF-A1PV-01,13,32914692,32914692,C,T,13:g.32914692C>T
Skin,TCGA-EB-A6R0-01,13,32910710,32910710,C,T,13:g.32910710C>T
Skin,TCGA-FR-A726-01,13,32944687,32944687,C,T,13:g.32944687C>T
Skin,TCGA-ER-A19P-06,13,32914451,32914451,C,G,13:g.32914451C>G
Breast,TCGA-A2-A0T0-01,13,32953476,32953476,T,G,13:g.32953476T>G
Breast,TCGA-A8-A08L-01,13,32932067,32932067,G,A,13:g.32932067G>A
Breast,TCGA-AR-A1AI-01,13,32921032,32921032,C,T,13:g.32921032C>T
Breast,TCGA-D8-A1JP-01,13,32914385,32914385,C,-,13:g.32914385del
Breast,TCGA-A8-A07I-01,13,32912555,32912555,G,T,13:g.32912555G>T
Breast,TCGA-A8-A08B-01,13,32912296,32912298,TGT,-,13:g.32912296_32912298del
Breast,TCGA-AN-A0AT-01,13,32936802,32936802,G,C,13:g.32936802G>C
Breast,TCGA-C8-A12T-01,13,32971062,32971062,G,C,13:g.32971062G>C
Breast,TCGA-D8-A27G-01,13,32915015,32915015,G,C,13:g.32915015G>C
Breast,TCGA-AN-A046-01,13,32972674,32972674,G,A,13:g.32972674G>A
Breast,TCGA-A2-A25F-01,13,32954172,32954172,A,C,13:g.32954172A>C
Breast,TCGA-AC-A23H-01,13,32910551,32910551,G,C,13:g.32910551G>C
Breast,TCGA-AC-A23H-01,13,32911589,32911589,G,C,13:g.32911589G>C
Breast,TCGA-EW-A1PE-01,13,32911964,32911964,G,C,13:g.32911964G>C
Breast,TCGA-EW-A1PE-01,13,32912065,32912065,G,C,13:g.32912065G>C
Breast,TCGA-AO-A124-01,13,32972561,32972561,G,C,13:g.32972561G>C
Breast,TCGA-BH-A0HF-01,13,32911128,32911128,C,T,13:g.32911128C>T
Brain,D7681,13,32911765,32911765,A,C,13:g.32911765A>C
Brain,A61A,13,32907165,32907165,A,G,13:g.32907165A>G
Brain,D26,13,32893207,32893207,T,A,13:g.32893207T>A
Brain,D181,13,32893355,32893355,C,T,13:g.32893355C>T
Brain,D64,13,32899318,32899318,A,T,13:g.32899318A>T
Skin,MEL-JWCI-14,13,32931942,32931942,C,T,13:g.32931942C>T
Skin,MEL-13600,13,32911565,32911565,A,T,13:g.32911565A>T
Skin,MEL-UKRV-Mel-24,13,32953941,32953941,G,A,13:g.32953941G>A
Skin,ME009,13,32907020,32907020,G,A,13:g.32907020G>A
Skin,ME009,13,32914300,32914300,G,A,13:g.32914300G>A
Skin,ME012,13,32913741,32913741,C,T,13:g.32913741C>T
Skin,ME024,13,32915292,32915292,C,T,13:g.32915292C>T
Skin,ME049,13,32915088,32915088,C,G,13:g.32915088C>G
Skin,ME050,13,32930724,32930724,C,T,13:g.32930724C>T
Skin,MEL-13567,13,32910809,32910809,C,T,13:g.32910809C>T
Skin,MEL-JWCI-WGS-12,13,32930648,32930648,C,T,13:g.32930648C>T
Skin,MEL-JWCI-WGS-12,13,32931952,32931952,C,T,13:g.32931952C>T
Skin,MEL-JWCI-WGS-39,13,32912852,32912852,C,T,13:g.32912852C>T
Skin,MEL-JWCI-WGS-3,13,32890634,32890634,G,A,13:g.32890634G>A
Skin,MEL-Ma-Mel-114,13,32944644,32944645,GG,AA,13:g.32944644_32944645delinsAA
Skin,MEL-Ma-Mel-62,13,32914706,32914706,T,A,13:g.32914706T>A
Skin,YUGOE,13,32910447,32910447,C,T,13:g.32910447C>T
Skin,YUKLAB,13,32912261,32912261,C,T,13:g.32912261C>T
Skin,Pat_66_Pre,13,32953493,32953493,C,T,13:g.32953493C>T
Skin,Pat_76_Pre,13,32910983,32910983,G,A,13:g.32910983G>A
Skin,Pat_01_Post,13,32905117,32905117,C,T,13:g.32905117C>T
Skin,Pat_01_Pre,13,32905117,32905117,C,T,13:g.32905117C>T
Skin,Pat_59_Post,13,32912789,32912789,G,A,13:g.32912789G>A
Skin,Pat_41_Post,13,32944629,32944629,C,T,13:g.32944629C>T
Skin,Pat_41_Post,13,32950872,32950872,G,A,13:g.32950872G>A
Skin,Pat_24_Post,13,32912568,32912568,C,T,13:g.32912568C>T
